{
  "0": {
    "idx": [],
    "weights": []
  },
  "1": {
    "idx": [],
    "weights": []
  },
  "2": {
    "idx": [],
    "weights": []
  },
  "3": {
    "idx": [],
    "weights": []
  },
  "4": {
    "idx": [],
    "weights": []
  },
  "5": {
    "idx": [],
    "weights": []
  },
  "6": {
    "idx": [],
    "weights": []
  },
  "7": {
    "idx": [],
    "weights": []
  },
  "8": {
    "idx": [],
    "weights": []
  },
  "9": {
    "idx": [],
    "weights": []
  },
  "10": {
    "idx": [
      0,
      6,
      7,
      8
    ],
    "weights": [
      2.185209,
      4.79687,
      0.732409,
      0.396401
    ]
  },
  "11": {
    "idx": [
      0,
      6,
      7,
      8
    ],
    "weights": [
      0.171584,
      0.74615,
      0.057768,
      0.024498
    ]
  },
  "12": {
    "idx": [
      6
    ],
    "weights": [
      0.11468
    ]
  },
  "13": {
    "idx": [],
    "weights": []
  },
  "14": {
    "idx": [],
    "weights": []
  },
  "15": {
    "idx": [],
    "weights": []
  },
  "16": {
    "idx": [],
    "weights": []
  },
  "17": {
    "idx": [],
    "weights": []
  },
  "18": {
    "idx": [],
    "weights": []
  },
  "19": {
    "idx": [],
    "weights": []
  },
  "20": {
    "idx": [
      0,
      6,
      7,
      8
    ],
    "weights": [
      15.212739,
      33.394312,
      8.981358,
      4.12992
    ]
  },
  "21": {
    "idx": [
      0,
      6,
      7,
      8
    ],
    "weights": [
      1.213132,
      5.275434,
      0.719442,
      0.259209
    ]
  },
  "22": {
    "idx": [
      0,
      6,
      7,
      8
    ],
    "weights": [
      0.096069,
      0.830576,
      0.057232,
      0.016123
    ]
  },
  "23": {
    "idx": [
      6
    ],
    "weights": [
      0.127696
    ]
  },
  "24": {
    "idx": [],
    "weights": []
  },
  "25": {
    "idx": [],
    "weights": []
  },
  "26": {
    "idx": [],
    "weights": []
  },
  "27": {
    "idx": [],
    "weights": []
  },
  "28": {
    "idx": [],
    "weights": []
  },
  "29": {
    "idx": [],
    "weights": []
  },
  "30": {
    "idx": [
      0,
      6,
      7,
      8
    ],
    "weights": [
      100.648113,
      220.938148,
      104.253071,
      40.784889
    ]
  },
  "31": {
    "idx": [
      0,
      6,
      7,
      8
    ],
    "weights": [
      8.09853,
      35.217313,
      8.426409,
      2.582899
    ]
  },
  "32": {
    "idx": [
      0,
      6,
      7,
      8
    ],
    "weights": [
      0.65073,
      5.625974,
      0.680152,
      0.163013
    ]
  },
  "33": {
    "idx": [
      6
    ],
    "weights": [
      0.885185
    ]
  },
  "34": {
    "idx": [],
    "weights": []
  },
  "35": {
    "idx": [],
    "weights": []
  },
  "36": {
    "idx": [],
    "weights": []
  },
  "37": {
    "idx": [],
    "weights": []
  },
  "38": {
    "idx": [],
    "weights": []
  },
  "39": {
    "idx": [],
    "weights": []
  },
  "40": {
    "idx": [
      0,
      6,
      7,
      8
    ],
    "weights": [
      655.332372,
      1438.555743,
      1191.172727,
      396.545599
    ]
  },
  "41": {
    "idx": [
      0,
      6,
      7,
      8
    ],
    "weights": [
      52.983615,
      230.404853,
      96.740394,
      25.233691
    ]
  },
  "42": {
    "idx": [
      0,
      6,
      7,
      8
    ],
    "weights": [
      4.291336,
      37.101315,
      7.87095,
      1.605282
    ]
  },
  "43": {
    "idx": [],
    "weights": []
  },
  "44": {
    "idx": [],
    "weights": []
  },
  "45": {
    "idx": [],
    "weights": []
  },
  "46": {
    "idx": [],
    "weights": []
  },
  "47": {
    "idx": [],
    "weights": []
  },
  "48": {
    "idx": [],
    "weights": []
  },
  "49": {
    "idx": [],
    "weights": []
  },
  "50": {
    "idx": [
      0,
      6,
      7,
      8
    ],
    "weights": [
      4288.352931,
      9413.596826,
      13736.904748,
      3887.57633
    ]
  },
  "51": {
    "idx": [
      0,
      6,
      7,
      8
    ],
    "weights": [
      347.555253,
      1511.380784,
      1118.343896,
      247.981877
    ]
  },
  "52": {
    "idx": [],
    "weights": []
  },
  "53": {
    "idx": [],
    "weights": []
  },
  "54": {
    "idx": [],
    "weights": []
  },
  "55": {
    "idx": [],
    "weights": []
  },
  "56": {
    "idx": [],
    "weights": []
  },
  "57": {
    "idx": [],
    "weights": []
  },
  "58": {
    "idx": [],
    "weights": []
  },
  "59": {
    "idx": [],
    "weights": []
  },
  "60": {
    "idx": [],
    "weights": []
  },
  "61": {
    "idx": [],
    "weights": []
  },
  "62": {
    "idx": [],
    "weights": []
  },
  "63": {
    "idx": [],
    "weights": []
  },
  "64": {
    "idx": [],
    "weights": []
  },
  "65": {
    "idx": [],
    "weights": []
  },
  "66": {
    "idx": [],
    "weights": []
  },
  "67": {
    "idx": [],
    "weights": []
  },
  "68": {
    "idx": [],
    "weights": []
  },
  "69": {
    "idx": [],
    "weights": []
  },
  "70": {
    "idx": [],
    "weights": []
  },
  "71": {
    "idx": [],
    "weights": []
  },
  "72": {
    "idx": [],
    "weights": []
  },
  "73": {
    "idx": [],
    "weights": []
  },
  "74": {
    "idx": [],
    "weights": []
  },
  "75": {
    "idx": [],
    "weights": []
  },
  "76": {
    "idx": [],
    "weights": []
  },
  "77": {
    "idx": [],
    "weights": []
  },
  "78": {
    "idx": [],
    "weights": []
  },
  "79": {
    "idx": [],
    "weights": []
  },
  "80": {
    "idx": [],
    "weights": []
  },
  "81": {
    "idx": [],
    "weights": []
  },
  "82": {
    "idx": [],
    "weights": []
  },
  "83": {
    "idx": [],
    "weights": []
  },
  "84": {
    "idx": [],
    "weights": []
  },
  "85": {
    "idx": [],
    "weights": []
  },
  "86": {
    "idx": [],
    "weights": []
  },
  "87": {
    "idx": [],
    "weights": []
  },
  "88": {
    "idx": [],
    "weights": []
  },
  "89": {
    "idx": [],
    "weights": []
  },
  "90": {
    "idx": [],
    "weights": []
  },
  "91": {
    "idx": [],
    "weights": []
  },
  "92": {
    "idx": [],
    "weights": []
  },
  "93": {
    "idx": [],
    "weights": []
  },
  "94": {
    "idx": [],
    "weights": []
  },
  "95": {
    "idx": [],
    "weights": []
  },
  "96": {
    "idx": [],
    "weights": []
  },
  "97": {
    "idx": [],
    "weights": []
  },
  "98": {
    "idx": [],
    "weights": []
  },
  "99": {
    "idx": [],
    "weights": []
  }
}