{
  "0": {
    "idx": [
      1,
      4,
      7
    ],
    "weights": [
      0.534816,
      0.437087,
      0.028097
    ]
  },
  "1": {
    "idx": [
      1,
      4,
      7
    ],
    "weights": [
      0.64125,
      0.738705,
      0.010454
    ]
  },
  "2": {
    "idx": [
      1,
      4
    ],
    "weights": [
      0.686761,
      1.114477
    ]
  },
  "3": {
    "idx": [
      1,
      4
    ],
    "weights": [
      0.577503,
      1.322876
    ]
  },
  "4": {
    "idx": [],
    "weights": []
  },
  "5": {
    "idx": [],
    "weights": []
  },
  "6": {
    "idx": [],
    "weights": []
  },
  "7": {
    "idx": [],
    "weights": []
  },
  "8": {
    "idx": [],
    "weights": []
  },
  "9": {
    "idx": [],
    "weights": []
  },
  "10": {
    "idx": [
      1,
      4,
      7
    ],
    "weights": [
      0.361925,
      0.295789,
      0.061499
    ]
  },
  "11": {
    "idx": [
      1,
      4,
      7
    ],
    "weights": [
      0.453576,
      0.522509,
      0.023915
    ]
  },
  "12": {
    "idx": [
      1,
      4,
      7
    ],
    "weights": [
      0.548913,
      0.890777,
      0.008933
    ]
  },
  "13": {
    "idx": [
      1,
      4
    ],
    "weights": [
      0.60225,
      1.379563
    ]
  },
  "14": {
    "idx": [],
    "weights": []
  },
  "15": {
    "idx": [],
    "weights": []
  },
  "16": {
    "idx": [],
    "weights": []
  },
  "17": {
    "idx": [],
    "weights": []
  },
  "18": {
    "idx": [],
    "weights": []
  },
  "19": {
    "idx": [],
    "weights": []
  },
  "20": {
    "idx": [
      1,
      4,
      7
    ],
    "weights": [
      0.234309,
      0.191493,
      0.128309
    ]
  },
  "21": {
    "idx": [
      1,
      4,
      7
    ],
    "weights": [
      0.297304,
      0.342488,
      0.050518
    ]
  },
  "22": {
    "idx": [
      1,
      4,
      7
    ],
    "weights": [
      0.373797,
      0.606598,
      0.019605
    ]
  },
  "23": {
    "idx": [
      1,
      4
    ],
    "weights": [
      0.457257,
      1.04743
    ]
  },
  "24": {
    "idx": [],
    "weights": []
  },
  "25": {
    "idx": [],
    "weights": []
  },
  "26": {
    "idx": [],
    "weights": []
  },
  "27": {
    "idx": [],
    "weights": []
  },
  "28": {
    "idx": [],
    "weights": []
  },
  "29": {
    "idx": [],
    "weights": []
  },
  "30": {
    "idx": [
      1,
      7
    ],
    "weights": [
      0.146458,
      0.259812
    ]
  },
  "31": {
    "idx": [
      1,
      4,
      7
    ],
    "weights": [
      0.186435,
      0.214769,
      0.102625
    ]
  },
  "32": {
    "idx": [
      1,
      4,
      7
    ],
    "weights": [
      0.236822,
      0.384316,
      0.040238
    ]
  },
  "33": {
    "idx": [],
    "weights": []
  },
  "34": {
    "idx": [],
    "weights": []
  },
  "35": {
    "idx": [],
    "weights": []
  },
  "36": {
    "idx": [],
    "weights": []
  },
  "37": {
    "idx": [],
    "weights": []
  },
  "38": {
    "idx": [],
    "weights": []
  },
  "39": {
    "idx": [],
    "weights": []
  },
  "40": {
    "idx": [
      7
    ],
    "weights": [
      0.515673
    ]
  },
  "41": {
    "idx": [
      7
    ],
    "weights": [
      0.203852
    ]
  },
  "42": {
    "idx": [],
    "weights": []
  },
  "43": {
    "idx": [],
    "weights": []
  },
  "44": {
    "idx": [],
    "weights": []
  },
  "45": {
    "idx": [],
    "weights": []
  },
  "46": {
    "idx": [],
    "weights": []
  },
  "47": {
    "idx": [],
    "weights": []
  },
  "48": {
    "idx": [],
    "weights": []
  },
  "49": {
    "idx": [],
    "weights": []
  },
  "50": {
    "idx": [],
    "weights": []
  },
  "51": {
    "idx": [],
    "weights": []
  },
  "52": {
    "idx": [],
    "weights": []
  },
  "53": {
    "idx": [],
    "weights": []
  },
  "54": {
    "idx": [],
    "weights": []
  },
  "55": {
    "idx": [],
    "weights": []
  },
  "56": {
    "idx": [],
    "weights": []
  },
  "57": {
    "idx": [],
    "weights": []
  },
  "58": {
    "idx": [],
    "weights": []
  },
  "59": {
    "idx": [],
    "weights": []
  },
  "60": {
    "idx": [],
    "weights": []
  },
  "61": {
    "idx": [],
    "weights": []
  },
  "62": {
    "idx": [],
    "weights": []
  },
  "63": {
    "idx": [],
    "weights": []
  },
  "64": {
    "idx": [],
    "weights": []
  },
  "65": {
    "idx": [],
    "weights": []
  },
  "66": {
    "idx": [],
    "weights": []
  },
  "67": {
    "idx": [],
    "weights": []
  },
  "68": {
    "idx": [],
    "weights": []
  },
  "69": {
    "idx": [],
    "weights": []
  },
  "70": {
    "idx": [],
    "weights": []
  },
  "71": {
    "idx": [],
    "weights": []
  },
  "72": {
    "idx": [],
    "weights": []
  },
  "73": {
    "idx": [],
    "weights": []
  },
  "74": {
    "idx": [],
    "weights": []
  },
  "75": {
    "idx": [],
    "weights": []
  },
  "76": {
    "idx": [],
    "weights": []
  },
  "77": {
    "idx": [],
    "weights": []
  },
  "78": {
    "idx": [],
    "weights": []
  },
  "79": {
    "idx": [],
    "weights": []
  },
  "80": {
    "idx": [],
    "weights": []
  },
  "81": {
    "idx": [],
    "weights": []
  },
  "82": {
    "idx": [],
    "weights": []
  },
  "83": {
    "idx": [],
    "weights": []
  },
  "84": {
    "idx": [],
    "weights": []
  },
  "85": {
    "idx": [],
    "weights": []
  },
  "86": {
    "idx": [],
    "weights": []
  },
  "87": {
    "idx": [],
    "weights": []
  },
  "88": {
    "idx": [],
    "weights": []
  },
  "89": {
    "idx": [],
    "weights": []
  },
  "90": {
    "idx": [],
    "weights": []
  },
  "91": {
    "idx": [],
    "weights": []
  },
  "92": {
    "idx": [],
    "weights": []
  },
  "93": {
    "idx": [],
    "weights": []
  },
  "94": {
    "idx": [],
    "weights": []
  },
  "95": {
    "idx": [],
    "weights": []
  },
  "96": {
    "idx": [],
    "weights": []
  },
  "97": {
    "idx": [],
    "weights": []
  },
  "98": {
    "idx": [],
    "weights": []
  },
  "99": {
    "idx": [],
    "weights": []
  }
}