{
  "0": {
    "idx": [
      1,
      2
    ],
    "weights": [
      0.426814,
      0.463307
    ]
  },
  "1": {
    "idx": [
      1,
      2,
      3
    ],
    "weights": [
      0.504297,
      0.748282,
      0.453472
    ]
  },
  "2": {
    "idx": [
      1,
      2,
      3
    ],
    "weights": [
      0.581594,
      1.17875,
      1.813251
    ]
  },
  "3": {
    "idx": [
      1,
      2,
      3
    ],
    "weights": [
      0.655615,
      1.817994,
      7.099672
    ]
  },
  "4": {
    "idx": [
      3
    ],
    "weights": [
      27.496131
    ]
  },
  "5": {
    "idx": [],
    "weights": []
  },
  "6": {
    "idx": [],
    "weights": []
  },
  "7": {
    "idx": [],
    "weights": []
  },
  "8": {
    "idx": [],
    "weights": []
  },
  "9": {
    "idx": [],
    "weights": []
  },
  "10": {
    "idx": [
      1,
      2
    ],
    "weights": [
      0.295593,
      0.234857
    ]
  },
  "11": {
    "idx": [
      1,
      2,
      3
    ],
    "weights": [
      0.364399,
      0.395762,
      0.239839
    ]
  },
  "12": {
    "idx": [
      1,
      2,
      3
    ],
    "weights": [
      0.439253,
      0.651623,
      1.00238
    ]
  },
  "13": {
    "idx": [
      1,
      2,
      3
    ],
    "weights": [
      0.517568,
      1.050485,
      4.102379
    ]
  },
  "14": {
    "idx": [
      3
    ],
    "weights": [
      16.576405
    ]
  },
  "15": {
    "idx": [],
    "weights": []
  },
  "16": {
    "idx": [],
    "weights": []
  },
  "17": {
    "idx": [],
    "weights": []
  },
  "18": {
    "idx": [],
    "weights": []
  },
  "19": {
    "idx": [],
    "weights": []
  },
  "20": {
    "idx": [
      1,
      2
    ],
    "weights": [
      0.162747,
      0.094638
    ]
  },
  "21": {
    "idx": [
      1,
      2,
      3
    ],
    "weights": [
      0.209842,
      0.166799,
      0.101083
    ]
  },
  "22": {
    "idx": [
      1,
      2,
      3
    ],
    "weights": [
      0.266247,
      0.289074,
      0.444678
    ]
  },
  "23": {
    "idx": [
      1,
      2,
      3
    ],
    "weights": [
      0.331978,
      0.493146,
      1.925844
    ]
  },
  "24": {
    "idx": [
      3
    ],
    "weights": [
      8.263055
    ]
  },
  "25": {
    "idx": [],
    "weights": []
  },
  "26": {
    "idx": [],
    "weights": []
  },
  "27": {
    "idx": [],
    "weights": []
  },
  "28": {
    "idx": [],
    "weights": []
  },
  "29": {
    "idx": [],
    "weights": []
  },
  "30": {
    "idx": [
      1
    ],
    "weights": [
      0.068484
    ]
  },
  "31": {
    "idx": [
      1,
      2
    ],
    "weights": [
      0.091275,
      0.052975
    ]
  },
  "32": {
    "idx": [
      1,
      2,
      3
    ],
    "weights": [
      0.120677,
      0.095668,
      0.147164
    ]
  },
  "33": {
    "idx": [
      3
    ],
    "weights": [
      0.670172
    ]
  },
  "34": {
    "idx": [],
    "weights": []
  },
  "35": {
    "idx": [],
    "weights": []
  },
  "36": {
    "idx": [],
    "weights": []
  },
  "37": {
    "idx": [],
    "weights": []
  },
  "38": {
    "idx": [],
    "weights": []
  },
  "39": {
    "idx": [],
    "weights": []
  },
  "40": {
    "idx": [],
    "weights": []
  },
  "41": {
    "idx": [],
    "weights": []
  },
  "42": {
    "idx": [],
    "weights": []
  },
  "43": {
    "idx": [],
    "weights": []
  },
  "44": {
    "idx": [],
    "weights": []
  },
  "45": {
    "idx": [],
    "weights": []
  },
  "46": {
    "idx": [],
    "weights": []
  },
  "47": {
    "idx": [],
    "weights": []
  },
  "48": {
    "idx": [],
    "weights": []
  },
  "49": {
    "idx": [],
    "weights": []
  },
  "50": {
    "idx": [],
    "weights": []
  },
  "51": {
    "idx": [],
    "weights": []
  },
  "52": {
    "idx": [],
    "weights": []
  },
  "53": {
    "idx": [],
    "weights": []
  },
  "54": {
    "idx": [],
    "weights": []
  },
  "55": {
    "idx": [],
    "weights": []
  },
  "56": {
    "idx": [],
    "weights": []
  },
  "57": {
    "idx": [],
    "weights": []
  },
  "58": {
    "idx": [],
    "weights": []
  },
  "59": {
    "idx": [],
    "weights": []
  },
  "60": {
    "idx": [],
    "weights": []
  },
  "61": {
    "idx": [],
    "weights": []
  },
  "62": {
    "idx": [],
    "weights": []
  },
  "63": {
    "idx": [],
    "weights": []
  },
  "64": {
    "idx": [],
    "weights": []
  },
  "65": {
    "idx": [],
    "weights": []
  },
  "66": {
    "idx": [],
    "weights": []
  },
  "67": {
    "idx": [],
    "weights": []
  },
  "68": {
    "idx": [],
    "weights": []
  },
  "69": {
    "idx": [],
    "weights": []
  },
  "70": {
    "idx": [],
    "weights": []
  },
  "71": {
    "idx": [],
    "weights": []
  },
  "72": {
    "idx": [],
    "weights": []
  },
  "73": {
    "idx": [],
    "weights": []
  },
  "74": {
    "idx": [],
    "weights": []
  },
  "75": {
    "idx": [],
    "weights": []
  },
  "76": {
    "idx": [],
    "weights": []
  },
  "77": {
    "idx": [],
    "weights": []
  },
  "78": {
    "idx": [],
    "weights": []
  },
  "79": {
    "idx": [],
    "weights": []
  },
  "80": {
    "idx": [],
    "weights": []
  },
  "81": {
    "idx": [],
    "weights": []
  },
  "82": {
    "idx": [],
    "weights": []
  },
  "83": {
    "idx": [],
    "weights": []
  },
  "84": {
    "idx": [],
    "weights": []
  },
  "85": {
    "idx": [],
    "weights": []
  },
  "86": {
    "idx": [],
    "weights": []
  },
  "87": {
    "idx": [],
    "weights": []
  },
  "88": {
    "idx": [],
    "weights": []
  },
  "89": {
    "idx": [],
    "weights": []
  },
  "90": {
    "idx": [],
    "weights": []
  },
  "91": {
    "idx": [],
    "weights": []
  },
  "92": {
    "idx": [],
    "weights": []
  },
  "93": {
    "idx": [],
    "weights": []
  },
  "94": {
    "idx": [],
    "weights": []
  },
  "95": {
    "idx": [],
    "weights": []
  },
  "96": {
    "idx": [],
    "weights": []
  },
  "97": {
    "idx": [],
    "weights": []
  },
  "98": {
    "idx": [],
    "weights": []
  },
  "99": {
    "idx": [],
    "weights": []
  }
}