{
  "0": {
    "idx": [
      1,
      2,
      5,
      6,
      7
    ],
    "weights": [
      0.354003,
      0.45838,
      0.054909,
      0.077799,
      0.054909
    ]
  },
  "1": {
    "idx": [
      1,
      2,
      5,
      6,
      7
    ],
    "weights": [
      0.801643,
      0.656996,
      0.028495,
      0.046038,
      0.028495
    ]
  },
  "2": {
    "idx": [
      1,
      2,
      6
    ],
    "weights": [
      1.194975,
      0.620333,
      0.017883
    ]
  },
  "3": {
    "idx": [
      1,
      2
    ],
    "weights": [
      1.30209,
      0.426975
    ]
  },
  "4": {
    "idx": [
      1
    ],
    "weights": [
      1.243416
    ]
  },
  "5": {
    "idx": [],
    "weights": []
  },
  "6": {
    "idx": [],
    "weights": []
  },
  "7": {
    "idx": [],
    "weights": []
  },
  "8": {
    "idx": [],
    "weights": []
  },
  "9": {
    "idx": [],
    "weights": []
  },
  "10": {
    "idx": [
      1,
      2,
      5,
      6,
      7
    ],
    "weights": [
      0.148103,
      0.191771,
      0.087937,
      0.124594,
      0.087937
    ]
  },
  "11": {
    "idx": [
      1,
      2,
      5,
      6,
      7
    ],
    "weights": [
      0.432613,
      0.354553,
      0.058865,
      0.095104,
      0.058865
    ]
  },
  "12": {
    "idx": [
      1,
      2,
      5,
      6,
      7
    ],
    "weights": [
      0.937196,
      0.486515,
      0.029113,
      0.053689,
      0.029113
    ]
  },
  "13": {
    "idx": [
      1,
      2
    ],
    "weights": [
      1.334926,
      0.437743
    ]
  },
  "14": {
    "idx": [],
    "weights": []
  },
  "15": {
    "idx": [],
    "weights": []
  },
  "16": {
    "idx": [],
    "weights": []
  },
  "17": {
    "idx": [],
    "weights": []
  },
  "18": {
    "idx": [],
    "weights": []
  },
  "19": {
    "idx": [],
    "weights": []
  },
  "20": {
    "idx": [
      1,
      2,
      5,
      6,
      7
    ],
    "weights": [
      0.053581,
      0.069379,
      0.121991,
      0.172843,
      0.121991
    ]
  },
  "21": {
    "idx": [
      1,
      2,
      5,
      6,
      7
    ],
    "weights": [
      0.175713,
      0.144008,
      0.09168,
      0.14812,
      0.09168
    ]
  },
  "22": {
    "idx": [
      1,
      2,
      5,
      6,
      7
    ],
    "weights": [
      0.505814,
      0.262577,
      0.060249,
      0.11111,
      0.060249
    ]
  },
  "23": {
    "idx": [
      1
    ],
    "weights": [
      1.06553
    ]
  },
  "24": {
    "idx": [],
    "weights": []
  },
  "25": {
    "idx": [],
    "weights": []
  },
  "26": {
    "idx": [],
    "weights": []
  },
  "27": {
    "idx": [],
    "weights": []
  },
  "28": {
    "idx": [],
    "weights": []
  },
  "29": {
    "idx": [],
    "weights": []
  },
  "30": {
    "idx": [
      5,
      6,
      7
    ],
    "weights": [
      0.156409,
      0.221608,
      0.156409
    ]
  },
  "31": {
    "idx": [
      5,
      6,
      7
    ],
    "weights": [
      0.12229,
      0.197574,
      0.12229
    ]
  },
  "32": {
    "idx": [
      5,
      6,
      7
    ],
    "weights": [
      0.091472,
      0.16869,
      0.091472
    ]
  },
  "33": {
    "idx": [],
    "weights": []
  },
  "34": {
    "idx": [],
    "weights": []
  },
  "35": {
    "idx": [],
    "weights": []
  },
  "36": {
    "idx": [],
    "weights": []
  },
  "37": {
    "idx": [],
    "weights": []
  },
  "38": {
    "idx": [],
    "weights": []
  },
  "39": {
    "idx": [],
    "weights": []
  },
  "40": {
    "idx": [
      5,
      6,
      7
    ],
    "weights": [
      0.191177,
      0.27087,
      0.191177
    ]
  },
  "41": {
    "idx": [],
    "weights": []
  },
  "42": {
    "idx": [],
    "weights": []
  },
  "43": {
    "idx": [],
    "weights": []
  },
  "44": {
    "idx": [],
    "weights": []
  },
  "45": {
    "idx": [],
    "weights": []
  },
  "46": {
    "idx": [],
    "weights": []
  },
  "47": {
    "idx": [],
    "weights": []
  },
  "48": {
    "idx": [],
    "weights": []
  },
  "49": {
    "idx": [],
    "weights": []
  },
  "50": {
    "idx": [],
    "weights": []
  },
  "51": {
    "idx": [],
    "weights": []
  },
  "52": {
    "idx": [],
    "weights": []
  },
  "53": {
    "idx": [],
    "weights": []
  },
  "54": {
    "idx": [],
    "weights": []
  },
  "55": {
    "idx": [],
    "weights": []
  },
  "56": {
    "idx": [],
    "weights": []
  },
  "57": {
    "idx": [],
    "weights": []
  },
  "58": {
    "idx": [],
    "weights": []
  },
  "59": {
    "idx": [],
    "weights": []
  },
  "60": {
    "idx": [],
    "weights": []
  },
  "61": {
    "idx": [],
    "weights": []
  },
  "62": {
    "idx": [],
    "weights": []
  },
  "63": {
    "idx": [],
    "weights": []
  },
  "64": {
    "idx": [],
    "weights": []
  },
  "65": {
    "idx": [],
    "weights": []
  },
  "66": {
    "idx": [],
    "weights": []
  },
  "67": {
    "idx": [],
    "weights": []
  },
  "68": {
    "idx": [],
    "weights": []
  },
  "69": {
    "idx": [],
    "weights": []
  },
  "70": {
    "idx": [],
    "weights": []
  },
  "71": {
    "idx": [],
    "weights": []
  },
  "72": {
    "idx": [],
    "weights": []
  },
  "73": {
    "idx": [],
    "weights": []
  },
  "74": {
    "idx": [],
    "weights": []
  },
  "75": {
    "idx": [],
    "weights": []
  },
  "76": {
    "idx": [],
    "weights": []
  },
  "77": {
    "idx": [],
    "weights": []
  },
  "78": {
    "idx": [],
    "weights": []
  },
  "79": {
    "idx": [],
    "weights": []
  },
  "80": {
    "idx": [],
    "weights": []
  },
  "81": {
    "idx": [],
    "weights": []
  },
  "82": {
    "idx": [],
    "weights": []
  },
  "83": {
    "idx": [],
    "weights": []
  },
  "84": {
    "idx": [],
    "weights": []
  },
  "85": {
    "idx": [],
    "weights": []
  },
  "86": {
    "idx": [],
    "weights": []
  },
  "87": {
    "idx": [],
    "weights": []
  },
  "88": {
    "idx": [],
    "weights": []
  },
  "89": {
    "idx": [],
    "weights": []
  },
  "90": {
    "idx": [],
    "weights": []
  },
  "91": {
    "idx": [],
    "weights": []
  },
  "92": {
    "idx": [],
    "weights": []
  },
  "93": {
    "idx": [],
    "weights": []
  },
  "94": {
    "idx": [],
    "weights": []
  },
  "95": {
    "idx": [],
    "weights": []
  },
  "96": {
    "idx": [],
    "weights": []
  },
  "97": {
    "idx": [],
    "weights": []
  },
  "98": {
    "idx": [],
    "weights": []
  },
  "99": {
    "idx": [],
    "weights": []
  }
}