{
  "0": {
    "idx": [
      1,
      3,
      6,
      8
    ],
    "weights": [
      0.312369,
      0.338259,
      0.00979,
      0.338259
    ]
  },
  "1": {
    "idx": [
      1,
      3,
      8
    ],
    "weights": [
      0.546238,
      0.348145,
      0.348145
    ]
  },
  "2": {
    "idx": [
      1,
      3,
      8
    ],
    "weights": [
      0.791096,
      0.296976,
      0.296976
    ]
  },
  "3": {
    "idx": [
      1,
      3,
      8
    ],
    "weights": [
      0.67967,
      0.14979,
      0.14979
    ]
  },
  "4": {
    "idx": [],
    "weights": []
  },
  "5": {
    "idx": [],
    "weights": []
  },
  "6": {
    "idx": [],
    "weights": []
  },
  "7": {
    "idx": [],
    "weights": []
  },
  "8": {
    "idx": [],
    "weights": []
  },
  "9": {
    "idx": [],
    "weights": []
  },
  "10": {
    "idx": [
      1,
      3,
      4,
      6,
      8
    ],
    "weights": [
      0.197871,
      0.279174,
      0.00754,
      0.038132,
      0.279174
    ]
  },
  "11": {
    "idx": [
      1,
      3,
      4,
      6,
      8
    ],
    "weights": [
      0.368456,
      0.305968,
      0.002677,
      0.016932,
      0.305968
    ]
  },
  "12": {
    "idx": [
      1,
      3,
      8
    ],
    "weights": [
      0.630546,
      0.308405,
      0.308405
    ]
  },
  "13": {
    "idx": [
      1,
      3,
      8
    ],
    "weights": [
      0.804155,
      0.230907,
      0.230907
    ]
  },
  "14": {
    "idx": [],
    "weights": []
  },
  "15": {
    "idx": [],
    "weights": []
  },
  "16": {
    "idx": [],
    "weights": []
  },
  "17": {
    "idx": [],
    "weights": []
  },
  "18": {
    "idx": [],
    "weights": []
  },
  "19": {
    "idx": [],
    "weights": []
  },
  "20": {
    "idx": [
      1,
      3,
      4,
      6,
      8
    ],
    "weights": [
      0.11645,
      0.21418,
      0.039454,
      0.136938,
      0.21418
    ]
  },
  "21": {
    "idx": [
      1,
      3,
      4,
      6,
      8
    ],
    "weights": [
      0.226989,
      0.24572,
      0.014662,
      0.063652,
      0.24572
    ]
  },
  "22": {
    "idx": [
      1,
      3,
      4,
      6,
      8
    ],
    "weights": [
      0.424792,
      0.270848,
      0.005203,
      0.028309,
      0.270848
    ]
  },
  "23": {
    "idx": [
      1,
      3,
      8
    ],
    "weights": [
      0.698939,
      0.261626,
      0.261626
    ]
  },
  "24": {
    "idx": [],
    "weights": []
  },
  "25": {
    "idx": [],
    "weights": []
  },
  "26": {
    "idx": [],
    "weights": []
  },
  "27": {
    "idx": [],
    "weights": []
  },
  "28": {
    "idx": [],
    "weights": []
  },
  "29": {
    "idx": [],
    "weights": []
  },
  "30": {
    "idx": [
      3,
      4,
      6,
      8
    ],
    "weights": [
      0.152917,
      0.192311,
      0.4591,
      0.152917
    ]
  },
  "31": {
    "idx": [
      1,
      3,
      4,
      6,
      8
    ],
    "weights": [
      0.128717,
      0.18207,
      0.074169,
      0.22147,
      0.18207
    ]
  },
  "32": {
    "idx": [
      1,
      3,
      4,
      6,
      8
    ],
    "weights": [
      0.25433,
      0.211891,
      0.02779,
      0.103997,
      0.211891
    ]
  },
  "33": {
    "idx": [],
    "weights": []
  },
  "34": {
    "idx": [],
    "weights": []
  },
  "35": {
    "idx": [],
    "weights": []
  },
  "36": {
    "idx": [],
    "weights": []
  },
  "37": {
    "idx": [],
    "weights": []
  },
  "38": {
    "idx": [],
    "weights": []
  },
  "39": {
    "idx": [],
    "weights": []
  },
  "40": {
    "idx": [
      4,
      6
    ],
    "weights": [
      0.89055,
      1.461308
    ]
  },
  "41": {
    "idx": [
      4,
      6
    ],
    "weights": [
      0.35377,
      0.726099
    ]
  },
  "42": {
    "idx": [
      4,
      6
    ],
    "weights": [
      0.137645,
      0.354054
    ]
  },
  "43": {
    "idx": [],
    "weights": []
  },
  "44": {
    "idx": [],
    "weights": []
  },
  "45": {
    "idx": [],
    "weights": []
  },
  "46": {
    "idx": [],
    "weights": []
  },
  "47": {
    "idx": [],
    "weights": []
  },
  "48": {
    "idx": [],
    "weights": []
  },
  "49": {
    "idx": [],
    "weights": []
  },
  "50": {
    "idx": [
      4,
      6
    ],
    "weights": [
      3.997058,
      4.493474
    ]
  },
  "51": {
    "idx": [
      4
    ],
    "weights": [
      1.622958
    ]
  },
  "52": {
    "idx": [],
    "weights": []
  },
  "53": {
    "idx": [],
    "weights": []
  },
  "54": {
    "idx": [],
    "weights": []
  },
  "55": {
    "idx": [],
    "weights": []
  },
  "56": {
    "idx": [],
    "weights": []
  },
  "57": {
    "idx": [],
    "weights": []
  },
  "58": {
    "idx": [],
    "weights": []
  },
  "59": {
    "idx": [],
    "weights": []
  },
  "60": {
    "idx": [],
    "weights": []
  },
  "61": {
    "idx": [],
    "weights": []
  },
  "62": {
    "idx": [],
    "weights": []
  },
  "63": {
    "idx": [],
    "weights": []
  },
  "64": {
    "idx": [],
    "weights": []
  },
  "65": {
    "idx": [],
    "weights": []
  },
  "66": {
    "idx": [],
    "weights": []
  },
  "67": {
    "idx": [],
    "weights": []
  },
  "68": {
    "idx": [],
    "weights": []
  },
  "69": {
    "idx": [],
    "weights": []
  },
  "70": {
    "idx": [],
    "weights": []
  },
  "71": {
    "idx": [],
    "weights": []
  },
  "72": {
    "idx": [],
    "weights": []
  },
  "73": {
    "idx": [],
    "weights": []
  },
  "74": {
    "idx": [],
    "weights": []
  },
  "75": {
    "idx": [],
    "weights": []
  },
  "76": {
    "idx": [],
    "weights": []
  },
  "77": {
    "idx": [],
    "weights": []
  },
  "78": {
    "idx": [],
    "weights": []
  },
  "79": {
    "idx": [],
    "weights": []
  },
  "80": {
    "idx": [],
    "weights": []
  },
  "81": {
    "idx": [],
    "weights": []
  },
  "82": {
    "idx": [],
    "weights": []
  },
  "83": {
    "idx": [],
    "weights": []
  },
  "84": {
    "idx": [],
    "weights": []
  },
  "85": {
    "idx": [],
    "weights": []
  },
  "86": {
    "idx": [],
    "weights": []
  },
  "87": {
    "idx": [],
    "weights": []
  },
  "88": {
    "idx": [],
    "weights": []
  },
  "89": {
    "idx": [],
    "weights": []
  },
  "90": {
    "idx": [],
    "weights": []
  },
  "91": {
    "idx": [],
    "weights": []
  },
  "92": {
    "idx": [],
    "weights": []
  },
  "93": {
    "idx": [],
    "weights": []
  },
  "94": {
    "idx": [],
    "weights": []
  },
  "95": {
    "idx": [],
    "weights": []
  },
  "96": {
    "idx": [],
    "weights": []
  },
  "97": {
    "idx": [],
    "weights": []
  },
  "98": {
    "idx": [],
    "weights": []
  },
  "99": {
    "idx": [],
    "weights": []
  }
}